0.10000000000000000555, 0.00001598731440254650
0.20000000000000001110, 0.00003195157527809740
0.30000000000000004441, 0.00004789281181731016
0.40000000000000002220, 0.00006381105269549425
0.50000000000000000000, 0.00007970632608623620
0.59999999999999997780, 0.00009557865963366858
0.69999999999999995559, 0.00011142808047202598
0.79999999999999993339, 0.00012725461520737139
0.89999999999999991118, 0.00014305828991599328
0.99999999999999988898, 0.00015883913015338208
1.09999999999999986677, 0.00017459716092986538
1.19999999999999995559, 0.00019033240673000352
1.30000000000000004441, 0.00020604489149351468
1.40000000000000013323, 0.00022173463862136598
1.50000000000000022204, 0.00023740167097272778
1.60000000000000031086, 0.00025304601086048568
1.70000000000000039968, 0.00026866768004931666
1.80000000000000048850, 0.00028426669975841433
1.90000000000000057732, 0.00029984309065411539
2.00000000000000044409, 0.00031539687285438769
2.10000000000000053291, 0.00033092806592097585
2.20000000000000062172, 0.00034643668886517198
2.30000000000000071054, 0.00036192276015150238
2.40000000000000079936, 0.00037738629767576713
2.50000000000000088818, 0.00039282731879213001
2.60000000000000097700, 0.00040824584029901240
2.70000000000000106581, 0.00042364187844053602
2.80000000000000115463, 0.00043901544890475984
2.90000000000000124345, 0.00045436656683281652
3.00000000000000133227, 0.00046969524681073771
3.10000000000000142109, 0.00048500150287939225
3.20000000000000150990, 0.00050028534851909775
3.30000000000000159872, 0.00051554679667606927
3.40000000000000168754, 0.00053078585974238263
3.50000000000000177636, 0.00054600254956719489
3.60000000000000186517, 0.00056119687745241631
3.70000000000000195399, 0.00057636885416938123
3.80000000000000204281, 0.00059151848994217740
3.90000000000000213163, 0.00060664579444796635
4.00000000000000177636, 0.00062175077684920271
4.10000000000000142109, 0.00063683344576333874
4.20000000000000106581, 0.00065189380927308286
4.30000000000000071054, 0.00066693187493970440
4.40000000000000035527, 0.00068194764979389666
4.50000000000000000000, 0.00069694114034186808
4.59999999999999964473, 0.00071191235256902897
4.69999999999999928946, 0.00072686129193341980
4.79999999999999893419, 0.00074178796338735041
4.89999999999999857891, 0.00075669237135688274
4.99999999999999822364, 0.00077157451975818085
5.09999999999999786837, 0.00078643441199077832
5.19999999999999751310, 0.00080127205095104309
5.29999999999999715783, 0.00081608743902384219
5.39999999999999680256, 0.00083088057808943449
5.49999999999999644729, 0.00084565146952170721
5.59999999999999609201, 0.00086040011419202345
5.69999999999999573674, 0.00087512651247659517
5.79999999999999538147, 0.00088983066424670558
5.89999999999999502620, 0.00090451256887608264
5.99999999999999467093, 0.00091917222524923441
6.09999999999999431566, 0.00093380963174734288
6.19999999999999396039, 0.00094842478626333201
6.29999999999999360512, 0.00096301768619930293
6.39999999999999324984, 0.00097758832846557217
6.49999999999999289457, 0.00099213670948147250
6.59999999999999253930, 0.00100666282518112500
6.69999999999999218403, 0.00102116667101055224
6.79999999999999182876, 0.00103564824192511440
6.89999999999999147349, 0.00105010753239896649
6.99999999999999111822, 0.00106454453642650083
7.09999999999999076294, 0.00107895924750631795
7.19999999999999040767, 0.00109335165866318671
7.29999999999999005240, 0.00110772176243954822
7.39999999999998969713, 0.00112206955089118906
7.49999999999998934186, 0.00113639501559252998
7.59999999999998898659, 0.00115069814764063357
7.69999999999998863132, 0.00116497893765728829
7.79999999999998827604, 0.00117923737577313903
7.89999999999998792077, 0.00119347345164772401
7.99999999999998756550, 0.00120768715446178086
8.09999999999998721023, 0.00122187847290955182
8.19999999999998685496, 0.00123604739522170702
8.29999999999998649969, 0.00125019390913857424
8.39999999999998614442, 0.00126431800192632884
8.49999999999998578915, 0.00127841966037907828
8.59999999999998543387, 0.00129249887080780087
8.69999999999998507860, 0.00130655561905220819
8.79999999999998472333, 0.00132058989047385226
8.89999999999998436806, 0.00133460166995612523
8.99999999999998401279, 0.00134859094191403786
9.09999999999998365752, 0.00136255769028027383
9.19999999999998330225, 0.00137650189851753211
9.29999999999998294697, 0.00139042354961644286
9.39999999999998259170, 0.00140432262608194340
9.49999999999998223643, 0.00141819910995716119
9.59999999999998188116, 0.00143205298280994981
9.69999999999998152589, 0.00144588422573272758
9.79999999999998117062, 0.00145969281934600517
9.89999999999998081535, 0.00147347874380014850
9.99999999999998046007, 0.00148724197877441659
10.09999999999998010480, 0.00150098250347600014
10.19999999999997974953, 0.00151470029664018172
10.29999999999997939426, 0.00152839533653690803
10.39999999999997903899, 0.00154206760096277503
10.49999999999997868372, 0.00155571706724856162
10.59999999999997832845, 0.00156934371225746672
10.69999999999997797318, 0.00158294751238414739
10.79999999999997761790, 0.00159652844355760368
10.89999999999997726263, 0.00161008648124502662
10.99999999999997690736, 0.00162362160044041658
11.09999999999997655209, 0.00163713377568510125
11.19999999999997619682, 0.00165062298104705764
11.29999999999997584155, 0.00166408919014223106
11.39999999999997548628, 0.00167753237611690284
11.49999999999997513100, 0.00169095251166692597
11.59999999999997477573, 0.00170434956902073328
11.69999999999997442046, 0.00171772351995103968
11.79999999999997406519, 0.00173107433577948991
11.89999999999997370992, 0.00174440198736992695
11.99999999999997335465, 0.00175770644512999422
12.09999999999997299938, 0.00177098767901883044
12.19999999999997264410, 0.00178424565854177911
12.29999999999997228883, 0.00179748035275904545
12.39999999999997193356, 0.00181069173027928335
12.49999999999997157829, 0.00182387975926520717
12.59999999999997122302, 0.00183704440743150642
12.69999999999997086775, 0.00185018564206119703
12.79999999999997051248, 0.00186330342998446141
12.89999999999997015721, 0.00187639773759740386
12.99999999999996980193, 0.00188946853086076772
13.09999999999996944666, 0.00190251577529288243
13.19999999999996909139, 0.00191553943598553301
13.29999999999996873612, 0.00192853947759386089
13.39999999999996838085, 0.00194151586434838648
13.49999999999996802558, 0.00195446856005340643
13.59999999999996767031, 0.00196739752808298583
13.69999999999996731503, 0.00198030273139249927
13.79999999999996695976, 0.00199318413252199756
13.89999999999996660449, 0.00200604169358178106
13.99999999999996624922, 0.00201887537627884776
14.09999999999996589395, 0.00203168514190583483
14.19999999999996553868, 0.00204447095134870907
14.29999999999996518341, 0.00205723276507811543
14.39999999999996482813, 0.00206997054317085332
14.49999999999996447286, 0.00208268424529577155
14.59999999999996411759, 0.00209537383073733199
14.69999999999996376232, 0.00210803925836964244
14.79999999999996340705, 0.00212068048669139878
14.89999999999996305178, 0.00213329747380280529
14.99999999999996269651, 0.00214589017742512767
15.09999999999996234124, 0.00215845855490213795
15.19999999999996198596, 0.00217100256319851127
15.29999999999996163069, 0.00218352215890623693
15.39999999999996127542, 0.00219601729825375479
15.49999999999996092015, 0.00220848793709665925
15.59999999999996056488, 0.00222093403093997967
15.69999999999996020961, 0.00223335553492038904
15.79999999999995985434, 0.00224575240384066420
15.89999999999995949906, 0.00225812459214820961
15.99999999999995914379, 0.00227047205393954331
16.09999999999995878852, 0.00228279474298770987
16.19999999999996020961, 0.00229509261272736916
16.29999999999996163069, 0.00230736561626602131
16.39999999999996305178, 0.00231961370638961335
16.49999999999996447286, 0.00233183683556863327
16.59999999999996589395, 0.00234403495596195504
16.69999999999996731503, 0.00235620801942581582
16.79999999999996873612, 0.00236835597750884768
16.89999999999997015721, 0.00238047878147547905
16.99999999999997157829, 0.00239257638229503633
17.09999999999997299938, 0.00240464873066354281
17.19999999999997442046, 0.00241669577699971105
17.29999999999997584155, 0.00242871747145215720
17.39999999999997726263, 0.00244071376390725576
17.49999999999997868372, 0.00245268460400564813
17.59999999999998010480, 0.00246462994113294705
17.69999999999998152589, 0.00247654972444185653
17.79999999999998294697, 0.00248844390284784457
17.89999999999998436806, 0.00250031242504581298
17.99999999999998578915, 0.00251215523951651021
18.09999999999998721023, 0.00252397229452797295
18.19999999999998863132, 0.00253576353815380051
18.29999999999999005240, 0.00254752891827619973
18.39999999999999147349, 0.00255926838259560360
18.49999999999999289457, 0.00257098187863932575
18.59999999999999431566, 0.00258266935377005806
18.69999999999999573674, 0.00259433075520270045
18.79999999999999715783, 0.00260596603000500101
18.89999999999999857891, 0.00261757512510733597
19.00000000000000000000, 0.00262915798732386808
19.10000000000000142109, 0.00264071456334885862
19.20000000000000284217, 0.00265224479978311842
19.30000000000000426326, 0.00266374864312679104
19.40000000000000568434, 0.00267522603980644693
19.50000000000000710543, 0.00268667693618213207
19.60000000000000852651, 0.00269810127855089812
19.70000000000000994760, 0.00270949901317276819
19.80000000000001136868, 0.00272087008627185881
19.90000000000001278977, 0.00273221444405930339
20.00000000000001421085, 0.00274353203273212899
20.10000000000001563194, 0.00275482279849778187
20.20000000000001705303, 0.00276608668759063770
20.30000000000001847411, 0.00277732364627568916
20.40000000000001989520, 0.00278853362086473348
20.50000000000002131628, 0.00279971655773913770
20.60000000000002273737, 0.00281087240335512563
20.70000000000002415845, 0.00282200110426718146
20.80000000000002557954, 0.00283310260712901297
20.90000000000002700062, 0.00284417685873442506
21.00000000000002842171, 0.00285522380600834302
21.10000000000002984279, 0.00286624339604127885
21.20000000000003126388, 0.00287723557609718137
21.30000000000003268497, 0.00288820029362321738
21.40000000000003410605, 0.00289913749629240949
21.50000000000003552714, 0.00291004713199417842
21.60000000000003694822, 0.00292092914887040825
21.70000000000003836931, 0.00293178349532554694
21.80000000000003979039, 0.00294261012005353441
21.90000000000004121148, 0.00295340897204533857
22.00000000000004263256, 0.00296418000062149099
22.10000000000004405365, 0.00297492315544972382
22.20000000000004547474, 0.00298563838655282196
22.30000000000004689582, 0.00299632564434949844
22.40000000000004831691, 0.00300698487966801972
22.50000000000004973799, 0.00301761604375598395
22.60000000000005115908, 0.00302821908832664457
22.70000000000005258016, 0.00303879396555699040
22.80000000000005400125, 0.00304934062813695152
22.90000000000005542233, 0.00305985902926251066
23.00000000000005684342, 0.00307034912269196335
23.10000000000005826450, 0.00308081086274576092
23.20000000000005968559, 0.00309124420434481835
23.30000000000006110668, 0.00310164910303423842
23.40000000000006252776, 0.00311202551500270848
23.50000000000006394885, 0.00312237339712337532
23.60000000000006536993, 0.00313269270696025582
23.70000000000006679102, 0.00314298340281664703
23.80000000000006821210, 0.00315324544375259787
23.90000000000006963319, 0.00316347878960831358
24.00000000000007105427, 0.00317368340105031758
24.10000000000007247536, 0.00318385923958171366
24.20000000000007389644, 0.00319400626758802823
24.30000000000007531753, 0.00320412444836125528
24.40000000000007673862, 0.00321421374612197676
24.50000000000007815970, 0.00322427412607322311
24.60000000000007958079, 0.00323430555441217181
24.70000000000008100187, 0.00324430799837439107
24.80000000000008242296, 0.00325428142626109015
24.90000000000008384404, 0.00326422580747935199
25.00000000000008526513, 0.00327414111256778100
25.10000000000008668621, 0.00328402731324859906
25.20000000000008810730, 0.00329388438243678186
25.30000000000008952838, 0.00330371229430786442
25.40000000000009094947, 0.00331351102430691661
25.50000000000009237056, 0.00332328054920544855
25.60000000000009379164, 0.00333302084712898189
25.70000000000009521273, 0.00334273189760080818
25.80000000000009663381, 0.00335241368158126348
25.90000000000009805490, 0.00336206618150523611
26.00000000000009947598, 0.00337168938132448390
26.10000000000010089707, 0.00338128326655380172
26.20000000000010231815, 0.00339084782429987077
26.30000000000010373924, 0.00340038304332105235
26.40000000000010516032, 0.00340988891405880285
26.50000000000010658141, 0.00341936542868560281
26.60000000000010800250, 0.00342881258114727597
26.70000000000010942358, 0.00343823036721700682
26.80000000000011084467, 0.00344761878452916294
26.90000000000011226575, 0.00345697783263972840
27.00000000000011368684, 0.00346630751305868068
27.10000000000011510792, 0.00347560782931298756
27.20000000000011652901, 0.00348487878698684143
27.30000000000011795009, 0.00349412039377631958
27.40000000000011937118, 0.00350333265953298428
27.50000000000012079227, 0.00351251559632399400
27.60000000000012221335, 0.00352166921848403756
27.70000000000012363444, 0.00353079354265476830
27.80000000000012505552, 0.00353988858785437080
27.90000000000012647661, 0.00354895437553366493
28.00000000000012789769, 0.00355799092960896578
28.10000000000012931878, 0.00356699827655024585
28.20000000000013073986, 0.00357597644541030914
28.30000000000013216095, 0.00358492546789820595
28.40000000000013358203, 0.00359384537843485466
28.50000000000013500312, 0.00360273621421347383
28.60000000000013642421, 0.00361159801525231909
28.70000000000013784529, 0.00362043082447130330
28.80000000000013926638, 0.00362923468774120758
28.90000000000014068746, 0.00363800965395645560
29.00000000000014210855, 0.00364675577508801006
29.10000000000014352963, 0.00365547310625967403
29.20000000000014495072, 0.00366416170581124493
29.30000000000014637180, 0.00367282163535943059
29.40000000000014779289, 0.00368145295988280127
29.50000000000014921397, 0.00369005574776378907
29.60000000000015063506, 0.00369863007088855247
29.70000000000015205615, 0.00370717600469586388
29.80000000000015347723, 0.00371569362826559444
29.90000000000015489832, 0.00372418302437673918
30.00000000000015631940, 0.00373264427959173369
30.10000000000015774049, 0.00374107748432618136
30.20000000000015916157, 0.00374948273293813786
30.30000000000016058266, 0.00375786012378661900
30.40000000000016200374, 0.00376620975932505202
30.50000000000016342483, 0.00377453174616795926
30.60000000000016484591, 0.00378282619518745429
30.70000000000016626700, 0.00379109322158104837
30.80000000000016768809, 0.00379933294496029176
30.90000000000016910917, 0.00380754548943685331
31.00000000000017053026, 0.00381573098369577439
31.10000000000017195134, 0.00382388956110046342
31.20000000000017337243, 0.00383202135976242224
31.30000000000017479351, 0.00384012652264095018
31.40000000000017621460, 0.00384820519762072788
31.50000000000017763568, 0.00385625753761135916
31.60000000000017905677, 0.00386428370063152593
31.70000000000018047785, 0.00387228384991157755
31.80000000000018189894, 0.00388025815396886948
31.90000000000018332003, 0.00388820678671820442
32.00000000000018474111, 0.00389612992755855548
32.10000000000018616220, 0.00390402776146763636
32.20000000000018758328, 0.00391190047910529477
32.30000000000018900437, 0.00391974827689381758
32.40000000000019042545, 0.00392757135714408376
32.50000000000019184654, 0.00393536992812577608
32.60000000000019326762, 0.00394314420418487126
32.70000000000019468871, 0.00395089440583453431
32.80000000000019610980, 0.00395862075986267055
32.90000000000019753088, 0.00396632349942826513
33.00000000000019895197, 0.00397400286416766182
33.10000000000020037305, 0.00398165910029329648
33.20000000000020179414, 0.00398929246069918038
33.30000000000020321522, 0.00399690320506428283
33.40000000000020463631, 0.00400449159995304102
33.50000000000020605739, 0.00401205791893012934
33.60000000000020747848, 0.00401960244265246822
33.70000000000020889956, 0.00402712545898415656
33.80000000000021032065, 0.00403462726309056219
33.90000000000021174174, 0.00404210815756127217
34.00000000000021316282, 0.00404956845250226127
34.10000000000021458391, 0.00405700846563575128
34.20000000000021600499, 0.00406442852242604874
34.30000000000021742608, 0.00407182895617411514
34.40000000000021884716, 0.00407921010811230274
34.50000000000022026825, 0.00408657232753435046
34.60000000000022168933, 0.00409391597187585849
34.70000000000022311042, 0.00410124140684075406
34.80000000000022453150, 0.00410854900648224396
34.90000000000022595259, 0.00411583915333489734
35.00000000000022737368, 0.00412311223849030385
35.10000000000022879476, 0.00413036866172402858
35.20000000000023021585, 0.00413760883157655770
35.30000000000023163693, 0.00414483316547400657
35.40000000000023305802, 0.00415204208981499213
35.50000000000023447910, 0.00415923604008220423
35.60000000000023590019, 0.00416641546092463410
35.70000000000023732127, 0.00417358080627827557
35.80000000000023874236, 0.00418073253943986468
35.90000000000024016344, 0.00418787113317731653
36.00000000000024158453, 0.00419499706981949633
36.10000000000024300562, 0.00420211084135079134
36.20000000000024442670, 0.00420921294949334023
36.30000000000024584779, 0.00421630390580930454
36.40000000000024726887, 0.00422338423178293589
36.50000000000024868996, 0.00423045445889784228
36.60000000000025011104, 0.00423751512874165608
36.70000000000025153213, 0.00424456679306086000
36.80000000000025295321, 0.00425161001386673790
36.90000000000025437430, 0.00425864536349564605
37.00000000000025579538, 0.00426567342468579802
37.10000000000025721647, 0.00427269479065965109
37.20000000000025863756, 0.00427971006518353906
37.30000000000026005864, 0.00428671986263419545
37.40000000000026147973, 0.00429372480806992137
37.50000000000026290081, 0.00430072553728508885
37.60000000000026432190, 0.00430772269687168963
37.70000000000026574298, 0.00431471694427063620
37.80000000000026716407, 0.00432170894782673773
37.90000000000026858515, 0.00432869938682941581
38.00000000000027000624, 0.00433568895156608361
38.10000000000027142733, 0.00434267834334314470
38.20000000000027284841, 0.00434966827454994973
38.30000000000027426950, 0.00435665946866104197
38.40000000000027569058, 0.00436365266028248058
38.50000000000027711167, 0.00437064859516690923
38.60000000000027853275, 0.00437764803023054858
38.70000000000027995384, 0.00438465173356473569
38.80000000000028137492, 0.00439166048445451852
38.90000000000028279601, 0.00439867507337432864
39.00000000000028421709, 0.00440569630197708111
39.10000000000028563818, 0.00441272498309545728
39.20000000000028705927, 0.00441976194073517153
39.30000000000028848035, 0.00442680801004194900
39.40000000000028990144, 0.00443386403728117211
39.50000000000029132252, 0.00444093087981239053
39.60000000000029274361, 0.00444800940604620290
39.70000000000029416469, 0.00445510049539504707
39.80000000000029558578, 0.00446220503823568839
39.90000000000029700686, 0.00446932393584286054
40.00000000000029842795, 0.00447645810032963522
40.10000000000029984903, 0.00448360845457128083
40.20000000000030127012, 0.00449077593212784173
40.30000000000030269121, 0.00449796147716575306
40.40000000000030411229, 0.00450516604435845670
40.50000000000030553338, 0.00451239059878173147
40.60000000000030695446, 0.00451963611581238621
40.70000000000030837555, 0.00452690358100883618
40.80000000000030979663, 0.00453419398998848328
40.90000000000031121772, 0.00454150834828729449
41.00000000000031263880, 0.00454884767122868024
41.10000000000031405989, 0.00455621298376817155
41.20000000000031548097, 0.00456360532033280031
41.30000000000031690206, 0.00457102572465888524
41.40000000000031832315, 0.00457847524961810855
41.50000000000031974423, 0.00458595495702227886
41.60000000000032116532, 0.00459346591744059455
41.70000000000032258640, 0.00460100920998741340
41.80000000000032400749, 0.00460858592212172197
41.90000000000032542857, 0.00461619714941006315
42.00000000000032684966, 0.00462384399530901130
42.10000000000032827074, 0.00463152757091640083
42.20000000000032969183, 0.00463924899472382361
42.30000000000033111291, 0.00464700939235743789
42.40000000000033253400, 0.00465480989631780664
42.50000000000033395509, 0.00466265164567277596
42.60000000000033537617, 0.00467053578580227911
42.70000000000033679726, 0.00467846346808304531
42.80000000000033821834, 0.00468643584958130729
42.90000000000033963943, 0.00469445409274407525
43.00000000000034106051, 0.00470251936504697144
43.10000000000034248160, 0.00471063283869479783
43.20000000000034390268, 0.00471879569024596327
43.30000000000034532377, 0.00472700910026544775
43.40000000000034674486, 0.00473527425296461999
43.50000000000034816594, 0.00474359233581428397
43.60000000000034958703, 0.00475196453916942787
43.70000000000035100811, 0.00476039205587714537
43.80000000000035242920, 0.00476887608086163078
43.90000000000035385028, 0.00477741781073193900
44.00000000000035527137, 0.00478601844334133279
44.10000000000035669245, 0.00479467917736859164
44.20000000000035811354, 0.00480340121188538131
44.30000000000035953462, 0.00481218574589347640
44.40000000000036095571, 0.00482103397789004386
44.50000000000036237680, 0.00482994710539301052
44.60000000000036379788, 0.00483892632447091488
44.70000000000036521897, 0.00484797282928110026
44.80000000000036664005, 0.00485708781155725407
44.90000000000036806114, 0.00486627246014935573
45.00000000000036948222, 0.00487552796050416508
45.10000000000037090331, 0.00488485549416558477
45.20000000000037232439, 0.00489425623827693859
45.30000000000037374548, 0.00490373136504286891
45.40000000000037516656, 0.00491328204122568491
45.50000000000037658765, 0.00492290942761591105
45.60000000000037800874, 0.00493261467849096923
45.70000000000037942982, 0.00494239894110015503
45.80000000000038085091, 0.00495226335510215877
45.90000000000038227199, 0.00496220905203834019
46.00000000000038369308, 0.00497223715478596097
46.10000000000038511416, 0.00498234877700372281
46.20000000000038653525, 0.00499254502258564704
46.30000000000038795633, 0.00500282698511526729
46.40000000000038937742, 0.00501319574729770703
46.50000000000039079850, 0.00502365238042076518
46.60000000000039221959, 0.00503419794379517029
46.70000000000039364068, 0.00504483348420140063
46.80000000000039506176, 0.00505556003533570372
46.90000000000039648285, 0.00506637861726076926
47.00000000000039790393, 0.00507729023586024359
47.10000000000039932502, 0.00508829588227497232
47.20000000000040074610, 0.00509939653238412893
47.30000000000040216719, 0.00511059314624065075
47.40000000000040358827, 0.00512188666755204833
47.50000000000040500936, 0.00513327802313379936
47.60000000000040643044, 0.00514476812239127428
47.70000000000040785153, 0.00515635785679973910
47.80000000000040927262, 0.00516804809937714861
47.90000000000041069370, 0.00517983970418755060
48.00000000000041211479, 0.00519173350582990620
48.10000000000041353587, 0.00520373031895832519
48.20000000000041495696, 0.00521583093777457790
48.30000000000041637804, 0.00522803613557733856
48.40000000000041779913, 0.00524034666427826250
48.50000000000041922021, 0.00525276325394578164
48.60000000000042064130, 0.00526528661236493663
48.70000000000042206239, 0.00527791742460217723
48.80000000000042348347, 0.00529065635258170117
48.90000000000042490456, 0.00530350403465666611
49.00000000000042632564, 0.00531646108524019313
49.10000000000042774673, 0.00532952809439244182
49.20000000000042916781, 0.00534270562746459992
49.30000000000043058890, 0.00535599422473036473
49.40000000000043200998, 0.00536939440104194921
49.50000000000043343107, 0.00538290664551045479
49.60000000000043485215, 0.00539653142117806593
49.70000000000043627324, 0.00541026916472728010
49.80000000000043769433, 0.00542412028619686064
49.90000000000043911541, 0.00543808516870693346
50.00000000000044053650, 0.00545216416822591823
50.10000000000044195758, 0.00546635761332335286
50.20000000000044337867, 0.00548066580494852712
50.30000000000044479975, 0.00549508901625944506
50.40000000000044622084, 0.00550962749240547101
50.50000000000044764192, 0.00552428145039956901
50.60000000000044906301, 0.00553905107894150060
50.70000000000045048409, 0.00555393653832757760
50.80000000000045190518, 0.00556893796030992396
50.90000000000045332627, 0.00558405544802161730
51.00000000000045474735, 0.00559928907591561789
51.10000000000045616844, 0.00561463888969696012
51.20000000000045758952, 0.00563010490630320298
51.30000000000045901061, 0.00564568711388214323
51.40000000000046043169, 0.00566138547181073339
51.50000000000046185278, 0.00567719991070437732
51.60000000000046327386, 0.00569313033247014801
51.70000000000046469495, 0.00570917661037074857
51.80000000000046611603, 0.00572533858910321148
51.90000000000046753712, 0.00574161608489347566
52.00000000000046895821, 0.00575800888563231857
52.10000000000047037929, 0.00577451675098948104
52.20000000000047180038, 0.00579113941259656873
52.30000000000047322146, 0.00580787657419243580
52.40000000000047464255, 0.00582472791184054841
52.50000000000047606363, 0.00584169307412117297
52.60000000000047748472, 0.00585877168236348996
52.70000000000047890580, 0.00587596333088843351
52.80000000000048032689, 0.00589326758727542858
52.90000000000048174797, 0.00591068399263072058
53.00000000000048316906, 0.00592821206188295837
53.10000000000048459015, 0.00594585128408872156
53.20000000000048601123, 0.00596360112276865181
53.30000000000048743232, 0.00598146101623077235
53.40000000000048885340, 0.00599943037793179267
53.50000000000049027449, 0.00601750859684947043
53.60000000000049169557, 0.00603569503784536117
53.70000000000049311666, 0.00605398904207773633
53.80000000000049453774, 0.00607238992740745300
53.90000000000049595883, 0.00609089698879403899
54.00000000000049737992, 0.00610950949876343328
54.10000000000049880100, 0.00612822670781209156
54.20000000000050022209, 0.00614704784489268023
54.30000000000050164317, 0.00616597211784638936
54.40000000000050306426, 0.00618499871389856324
54.50000000000050448534, 0.00620412680013269786
54.60000000000050590643, 0.00622335552396602928
54.70000000000050732751, 0.00624268401367979349
54.80000000000050874860, 0.00626211137888856885
54.90000000000051016968, 0.00628163671107710101
55.00000000000051159077, 0.00630125908411357290
55.10000000000051301186, 0.00632097755475933415
55.20000000000051443294, 0.00634079116322561372
55.30000000000051585403, 0.00636069893368276969
55.40000000000051727511, 0.00638069987481090697
55.50000000000051869620, 0.00640079298034343467
55.60000000000052011728, 0.00642097722960084921
55.70000000000052153837, 0.00644125158805881805
55.80000000000052295945, 0.00646161500787298740
55.90000000000052438054, 0.00648206642844546040
56.00000000000052580162, 0.00650260477698054364
56.10000000000052722271, 0.00652322896902381676
56.20000000000052864380, 0.00654393790902348550
56.30000000000053006488, 0.00656473049088163434
56.40000000000053148597, 0.00658560559850339833
56.50000000000053290705, 0.00660656210634661539
56.60000000000053432814, 0.00662759887996842816
56.70000000000053574922, 0.00664871477657541943
56.80000000000053717031, 0.00666990864556123945
56.90000000000053859139, 0.00669117932904487577
57.00000000000054001248, 0.00671252566240651983
57.10000000000054143356, 0.00673394647482487580
57.20000000000054285465, 0.00675544058979924041
57.30000000000054427574, 0.00677700682566533073
57.40000000000054569682, 0.00679864399612025144
57.50000000000054711791, 0.00682035091073880488
57.60000000000054853899, 0.00684212637546078445
57.70000000000054996008, 0.00686396919310728985
57.80000000000055138116, 0.00688587816386801704
57.90000000000055280225, 0.00690785208578535443
58.00000000000055422333, 0.00692988975522724690
58.10000000000055564442, 0.00695198996737706430
58.20000000000055706550, 0.00697415151667905506
58.30000000000055848659, 0.00699637319730095700
58.40000000000055990768, 0.00701865380358362989
58.50000000000056132876, 0.00704099213048170035
58.60000000000056274985, 0.00706338697399571964
58.70000000000056417093, 0.00708583713158636441
58.80000000000056559202, 0.00710834140259937984
58.90000000000056701310, 0.00713089858866695642
59.00000000000056843419, 0.00715350749410333889
59.10000000000056985527, 0.00717616692629209890
59.20000000000057127636, 0.00719887569606667173
59.30000000000057269745, 0.00722163261807711593
59.40000000000057411853, 0.00724443651114644628
59.50000000000057553962, 0.00726728619862744823
59.60000000000057696070, 0.00729018050874010240
59.70000000000057838179, 0.00731311827489746283
59.80000000000057980287, 0.00733609833603794496
59.90000000000058122396, 0.00735911953691770985
60.00000000000058264504, 0.00738218072844343005
60.10000000000058406613, 0.00740528076792812320
60.20000000000058548721, 0.00742841851940308565
60.30000000000058690830, 0.00745159285387821287
60.40000000000058832939, 0.00747480264960568089
60.50000000000058975047, 0.00749804679233577898
60.60000000000059117156, 0.00752132417556600902
60.70000000000059259264, 0.00754463370076164774
60.80000000000059401373, 0.00756797427760100283
60.90000000000059543481, 0.00759134482418523382
61.00000000000059685590, 0.00761474426723022894
61.10000000000059827698, 0.00763817154229101507
61.20000000000059969807, 0.00766162559393119245
61.30000000000060111915, 0.00768510537590983474
61.40000000000060254024, 0.00770860985135172691
61.50000000000060396133, 0.00773213799291518761
61.60000000000060538241, 0.00775568878293730456
61.70000000000060680350, 0.00777926121359069373
61.80000000000060822458, 0.00780285428700308679
61.90000000000060964567, 0.00782646701540848713
62.00000000000061106675, 0.00785009842125039548
62.10000000000061248784, 0.00787374753730668564
62.20000000000061390892, 0.00789741340678016754
62.30000000000061533001, 0.00792109508341592647
62.40000000000061675109, 0.00794479163157072420
62.50000000000061817218, 0.00796850212630998388
62.60000000000061959327, 0.00799222565347848003
62.70000000000062101435, 0.00801596130976028019
62.80000000000062243544, 0.00803970820275858554
62.90000000000062385652, 0.00806346545103306736
63.00000000000062527761, 0.00808723218414716082
63.10000000000062669869, 0.00811100754273121755
63.20000000000062811978, 0.00813479067848362977
63.30000000000062954086, 0.00815858075422709432
63.40000000000063096195, 0.00818237694392239499
63.50000000000063238303, 0.00820617843268155352
63.60000000000063380412, 0.00822998441678336919
63.70000000000063522521, 0.00825379410367582667
63.80000000000063664629, 0.00827760671198379296
63.90000000000063806738, 0.00830142147148849908
64.00000000000063948846, 0.00832523762313939868
64.10000000000063380412, 0.00834905441902419367
64.20000000000062811978, 0.00837287112234591513
64.30000000000062243544, 0.00839668700741250107
64.40000000000061675109, 0.00842050135959944955
64.50000000000061106675, 0.00844431347531903777
64.60000000000060538241, 0.00846812266198041994
64.70000000000059969807, 0.00849192823795594763
64.80000000000059401373, 0.00851572953252973525
64.90000000000058832939, 0.00853952588584682565
65.00000000000058264504, 0.00856331664887201478
65.10000000000057696070, 0.00858710118332219226
65.20000000000057127636, 0.00861087886161521210
65.30000000000056559202, 0.00863464906680818343
65.40000000000055990768, 0.00865841119252661398
65.50000000000055422333, 0.00868216464290077344
65.60000000000054853899, 0.00870590883249901942
65.70000000000054285465, 0.00872964318624378649
65.80000000000053717031, 0.00875336713934780908
65.90000000000053148597, 0.00877708013723331459
66.00000000000052580162, 0.00880078163544643910
66.10000000000052011728, 0.00882447109957722881
66.20000000000051443294, 0.00884814800518191058
66.30000000000050874860, 0.00887181183768798350
66.40000000000050306426, 0.00889546209231119669
66.50000000000049737992, 0.00891909827396273128
66.60000000000049169557, 0.00894271989716441222
66.70000000000048601123, 0.00896632648595204092
66.80000000000048032689, 0.00898991757377714043
66.90000000000047464255, 0.00901349270342232181
67.00000000000046895821, 0.00903705142689644435
67.10000000000046327386, 0.00906059330533491927
67.20000000000045758952, 0.00908411790891586884
67.30000000000045190518, 0.00910762481674359976
67.40000000000044622084, 0.00913111361675882950
67.50000000000044053650, 0.00915458390563594210
67.60000000000043485215, 0.00917803528868264655
67.70000000000042916781, 0.00920146737973080893
67.80000000000042348347, 0.00922487980104284497
67.90000000000041779913, 0.00924827218320928984
68.00000000000041211479, 0.00927164416503306610
68.10000000000040643044, 0.00929499539344244216
68.20000000000040074610, 0.00931832552337562292
68.30000000000039506176, 0.00934163421767944188
68.40000000000038937742, 0.00936492114700981405
68.50000000000038369308, 0.00938818598972226102
68.60000000000037800874, 0.00941142843176995952
68.70000000000037232439, 0.00943464816660067630
68.80000000000036664005, 0.00945784489505417138
68.90000000000036095571, 0.00948101832524839497
69.00000000000035527137, 0.00950416817249196549
69.10000000000034958703, 0.00952729415916939680
69.20000000000034390268, 0.00955039601464604572
69.30000000000033821834, 0.00957347347515622241
69.40000000000033253400, 0.00959652628370621756
69.50000000000032684966, 0.00961955418997635647
69.60000000000032116532, 0.00964255695021360576
69.70000000000031548097, 0.00966553432713555295
69.80000000000030979663, 0.00968848608982557716
69.90000000000030411229, 0.00971141201363458738
70.00000000000029842795, 0.00973431188008564569
70.10000000000029274361, 0.00975718547677202099
70.20000000000028705927, 0.00978003259725972705
70.30000000000028137492, 0.00980285304099439911
70.40000000000027569058, 0.00982564661319596834
70.50000000000027000624, 0.00984841312477627989
70.60000000000026432190, 0.00987115239222335385
70.70000000000025863756, 0.00989386423753791516
70.80000000000025295321, 0.00991654848811188323
70.90000000000024726887, 0.00993920497664213705
71.00000000000024158453, 0.00996183354105437124
71.10000000000023590019, 0.00998443402440019577
71.20000000000023021585, 0.01000700627475966699
71.30000000000022453150, 0.01002955014516514892
71.40000000000021884716, 0.01005206549350306199
71.50000000000021316282, 0.01007455218244493987
71.60000000000020747848, 0.01009701007933379649
71.70000000000020179414, 0.01011943905611487060
71.80000000000019610980, 0.01014183898925451535
71.90000000000019042545, 0.01016420975964194007
72.00000000000018474111, 0.01018655125251996703
72.10000000000017905677, 0.01020886335739798305
72.20000000000017337243, 0.01023114596796217794
72.30000000000016768809, 0.01025339898201255151
72.40000000000016200374, 0.01027562230136881520
72.50000000000015631940, 0.01029781583180051051
72.60000000000015063506, 0.01031997948294957959
72.70000000000014495072, 0.01034211316824188397
72.80000000000013926638, 0.01036421680483335002
72.90000000000013358203, 0.01038629031351138120
73.00000000000012789769, 0.01040833361864453022
73.10000000000012221335, 0.01043034664809017013
73.20000000000011652901, 0.01045232933313549814
73.30000000000011084467, 0.01047428160842268571
73.40000000000010516032, 0.01049620341187305905
73.50000000000009947598, 0.01051809468462922524
73.60000000000009379164, 0.01053995537097974014
73.70000000000008810730, 0.01056178541829563312
73.80000000000008242296, 0.01058358477695762329
73.90000000000007673862, 0.01060535340030051288
74.00000000000007105427, 0.01062709124454103669
74.10000000000006536993, 0.01064879826871872881
74.20000000000005968559, 0.01067047443462906982
74.30000000000005400125, 0.01069211970677011111
74.40000000000004831691, 0.01071373405226954366
74.50000000000004263256, 0.01073531744083804779
74.60000000000003694822, 0.01075686984469844884
74.70000000000003126388, 0.01077839123853313076
74.80000000000002557954, 0.01079988159942794380
74.90000000000001989520, 0.01082134090681208770
75.00000000000001421085, 0.01084276914240505339
75.10000000000000852651, 0.01086416629016228631
75.20000000000000284217, 0.01088553233622020430
75.29999999999999715783, 0.01090686726883881123
75.39999999999999147349, 0.01092817107835889791
75.49999999999998578915, 0.01094944375714353504
75.59999999999998010480, 0.01097068529952277549
75.69999999999997442046, 0.01099189570175998325
75.79999999999996873612, 0.01101307496198820381
75.89999999999996305178, 0.01103422308016319651
75.99999999999995736744, 0.01105534005802271888
76.09999999999995168309, 0.01107642589903955720
76.19999999999994599875, 0.01109748060836527120
76.29999999999994031441, 0.01111850419279475713
76.39999999999993463007, 0.01113949666072169657
76.49999999999992894573, 0.01116045802208869876
76.59999999999992326138, 0.01118138828835059731
76.69999999999991757704, 0.01120228747242571488
76.79999999999991189270, 0.01122315558866428774
76.89999999999990620836, 0.01124399265279509355
76.99999999999990052402, 0.01126479868189866895
77.09999999999989483968, 0.01128557369435538582
77.19999999999988915533, 0.01130631770982028390
77.29999999999988347099, 0.01132703074917016349
77.39999999999987778665, 0.01134771283448275832
77.49999999999987210231, 0.01136836398898175005
77.59999999999986641797, 0.01138898423701416480
77.69999999999986073362, 0.01140957360402088464
77.79999999999985504928, 0.01143013211648021520
77.89999999999984936494, 0.01145065980190052013
77.99999999999984368060, 0.01147115668876074607
78.09999999999983799626, 0.01149162280650369711
78.19999999999983231191, 0.01151205818547751912
78.29999999999982662757, 0.01153246285693778662
78.39999999999982094323, 0.01155283685297745812
78.49999999999981525889, 0.01157318020653167780
78.59999999999980957455, 0.01159349295133241774
78.69999999999980389020, 0.01161377512187545397
78.79999999999979820586, 0.01163402675340337658
78.89999999999979252152, 0.01165424788187192744
78.99999999999978683718, 0.01167443854392499585
79.09999999999978115284, 0.01169459877686976866
79.19999999999977546850, 0.01171472861864227173
79.29999999999976978415, 0.01173482810779822964
79.39999999999976409981, 0.01175489728347235349
79.49999999999975841547, 0.01177493618536182458
79.59999999999975273113, 0.01179494485370723156
79.69999999999974704679, 0.01181492332925392422
79.79999999999974136244, 0.01183487165325138382
79.89999999999973567810, 0.01185478986741154116
79.99999999999972999376, 0.01187467801389403138
80.09999999999972430942, 0.01189453613529881798
80.19999999999971862508, 0.01191436427461618243
80.29999999999971294073, 0.01193416247523891062
80.39999999999970725639, 0.01195393078091114974
80.49999999999970157205, 0.01197366923574364264
80.59999999999969588771, 0.01199337788415682539
80.69999999999969020337, 0.01201305677090101429
80.79999999999968451903, 0.01203270594100672858
80.89999999999967883468, 0.01205232543978483790
80.99999999999967315034, 0.01207191531280493030
81.09999999999966746600, 0.01209147560587751392
81.19999999999966178166, 0.01211100636503302692
81.29999999999965609732, 0.01213050763652198660
81.39999999999965041297, 0.01214997946677540651
81.49999999999964472863, 0.01216942190241617101
81.59999999999963904429, 0.01218883499021511559
81.69999999999963335995, 0.01220821877710161034
81.79999999999962767561, 0.01222757331013598486
81.89999999999962199126, 0.01224689863649798711
81.99999999999961630692, 0.01226619480346883423
82.09999999999961062258, 0.01228546185843505494
82.19999999999960493824, 0.01230469984884569393
82.29999999999959925390, 0.01232390882222449309
82.39999999999959356956, 0.01234308882615370306
82.49999999999958788521, 0.01236223990824074012
82.59999999999958220087, 0.01238136211613581616
82.69999999999957651653, 0.01240045549750325334
82.79999999999957083219, 0.01241952010000913625
82.89999999999956514785, 0.01243855597131521967
82.99999999999955946350, 0.01245756315906033571
83.09999999999955377916, 0.01247654171086328562
83.19999999999954809482, 0.01249549167429220980
83.29999999999954241048, 0.01251441309687549922
83.39999999999953672614, 0.01253330602607614398
83.49999999999953104179, 0.01255217050928243705
83.59999999999952535745, 0.01257100659380669221
83.69999999999951967311, 0.01258981432686648826
83.79999999999951398877, 0.01260859375557937812
83.89999999999950830443, 0.01262734492695263486
83.99999999999950262008, 0.01264606788787587567
84.09999999999949693574, 0.01266476268510133979
84.19999999999949125140, 0.01268342936525031217
84.29999999999948556706, 0.01270206797479804528
84.39999999999947988272, 0.01272067856005629043
84.49999999999947419838, 0.01273926116717746804
84.59999999999946851403, 0.01275781584214216030
84.69999999999946282969, 0.01277634263074356631
84.79999999999945714535, 0.01279484157858605878
84.89999999999945146101, 0.01281331273108181346
84.99999999999944577667, 0.01283175613343173933
85.09999999999944009232, 0.01285017183062788122
85.19999999999943440798, 0.01286855986743146163
85.29999999999942872364, 0.01288692028838794162
85.39999999999942303930, 0.01290525313779352680
85.49999999999941735496, 0.01292355845971359524
85.59999999999941167061, 0.01294183629794808284
85.69999999999940598627, 0.01296008669605407115
85.79999999999940030193, 0.01297830969731342092
85.89999999999939461759, 0.01299650534474045861
85.99999999999938893325, 0.01301467368107027574
86.09999999999938324891, 0.01303281474875023736
86.19999999999937756456, 0.01305092858994045917
86.29999999999937188022, 0.01306901524650563341
86.39999999999936619588, 0.01308707475999563129
86.49999999999936051154, 0.01310510717166265930
86.59999999999935482720, 0.01312311252243288096
86.69999999999934914285, 0.01314109085292004993
86.79999999999934345851, 0.01315904220339841023
86.89999999999933777417, 0.01317696661381761135
86.99999999999933208983, 0.01319486412378523439
87.09999999999932640549, 0.01321273477256470520
87.19999999999932072114, 0.01323057859906744300
87.29999999999931503680, 0.01324839564185141538
87.39999999999930935246, 0.01326618593911938100
87.49999999999930366812, 0.01328394952869499553
87.59999999999929798378, 0.01330168644804686530
87.69999999999929229944, 0.01331939673426033033
87.79999999999928661509, 0.01333708042404163283
87.89999999999928093075, 0.01335473755371567421
87.99999999999927524641, 0.01337236815921864080
88.09999999999926956207, 0.01338997227608998940
88.19999999999926387773, 0.01340754993947340656
88.29999999999925819338, 0.01342510118411360982
88.39999999999925250904, 0.01344262604434912425
88.49999999999924682470, 0.01346012455410796130
88.59999999999924114036, 0.01347759674690537403
88.69999999999923545602, 0.01349504265584193508
88.79999999999922977167, 0.01351246231359599405
88.89999999999922408733, 0.01352985575242400887
88.99999999999921840299, 0.01354722300415365024
89.09999999999921271865, 0.01356456410018283369
89.19999999999920703431, 0.01358187907147780267
89.29999999999920134997, 0.01359916794856783941
89.39999999999919566562, 0.01361643076154108942
89.49999999999918998128, 0.01363366754004793902
89.59999999999918429694, 0.01365087831328785917
89.69999999999917861260, 0.01366806311002143927
89.79999999999917292826, 0.01368522195854953577
89.89999999999916724391, 0.01370235488672643179
89.99999999999916155957, 0.01371946192195725757
90.09999999999915587523, 0.01373654309118165114
90.19999999999915019089, 0.01375359842088064340
90.29999999999914450655, 0.01377062793708404113
90.39999999999913882220, 0.01378763166535117851
90.49999999999913313786, 0.01380460963077557827
90.59999999999912745352, 0.01382156185798686515
90.69999999999912176918, 0.01383848837115109719
90.79999999999911608484, 0.01385538919396145548
90.89999999999911040049, 0.01387226434963905949
90.99999999999910471615, 0.01388911386093071021
91.09999999999909903181, 0.01390593775011931751
91.19999999999909334747, 0.01392273603900322405
91.29999999999908766313, 0.01393950874890629438
91.39999999999908197879, 0.01395625590068048406
91.49999999999907629444, 0.01397297751469190122
91.59999999999907061010, 0.01398967361083537989
91.69999999999906492576, 0.01400634420851926479
91.79999999999905924142, 0.01402298932667566181
91.89999999999905355708, 0.01403960898375114508
91.99999999999904787273, 0.01405620319771556936
92.09999999999904218839, 0.01407277198604796851
92.19999999999903650405, 0.01408931536574905587
92.29999999999903081971, 0.01410583335333353075
92.39999999999902513537, 0.01412232596482944011
92.49999999999901945102, 0.01413879321578105468
92.59999999999901376668, 0.01415523512124856019
92.69999999999900808234, 0.01417165169580548480
92.79999999999900239800, 0.01418804295353357295
92.89999999999899671366, 0.01420440890803576633
92.99999999999899102932, 0.01422074957241889828
93.09999999999898534497, 0.01423706495930762879
93.19999999999897966063, 0.01425335508083964975
93.29999999999897397629, 0.01426961994866246530
93.39999999999896829195, 0.01428585957393403889
93.49999999999896260761, 0.01430207396732408216
93.59999999999895692326, 0.01431826313901997036
93.69999999999895123892, 0.01433442709871313690
93.79999999999894555458, 0.01435056585560722658
93.89999999999893987024, 0.01436667941841747627
93.99999999999893418590, 0.01438276779537374199
94.09999999999892850155, 0.01439883099421265626
94.19999999999892281721, 0.01441486902218724192
94.29999999999891713287, 0.01443088188605280708
94.39999999999891144853, 0.01444686959208008395
94.49999999999890576419, 0.01446283214605635983
94.59999999999890007985, 0.01447876955326944139
94.69999999999889439550, 0.01449468181852946007
94.79999999999888871116, 0.01451056894614561818
94.89999999999888302682, 0.01452643093994976722
94.99999999999887734248, 0.01454226780328245205
95.09999999999887165814, 0.01455807953898441941
95.19999999999886597379, 0.01457386614942081729
95.29999999999886028945, 0.01458962763646469256
95.39999999999885460511, 0.01460536400150147518
95.49999999999884892077, 0.01462107524542416610
95.59999999999884323643, 0.01463676136864328070
95.69999999999883755208, 0.01465242237108091775
95.79999999999883186774, 0.01466805825216626474
95.89999999999882618340, 0.01468366901084778610
95.99999999999882049906, 0.01469925464558232732
96.09999999999881481472, 0.01471481515433911008
96.19999999999880913037, 0.01473035053460310800
96.29999999999880344603, 0.01474586078337520451
96.39999999999879776169, 0.01476134589716225458
96.49999999999879207735, 0.01477680587199166860
96.59999999999878639301, 0.01479224070340035696
96.69999999999878070867, 0.01480765038644338456
96.79999999999877502432, 0.01482303491568755585
96.89999999999876933998, 0.01483839428521879257
96.99999999999876365564, 0.01485372848862882497
97.09999999999875797130, 0.01486903751904084317
97.19999999999875228696, 0.01488432136907711680
97.29999999999874660261, 0.01489958003088752425
97.39999999999874091827, 0.01491481349613015851
97.49999999999873523393, 0.01493002175598800475
97.59999999999872954959, 0.01494520480115658218
97.69999999999872386525, 0.01496036262185582340
97.79999999999871818090, 0.01497549520781499277
97.89999999999871249656, 0.01499060254828535853
97.99999999999870681222, 0.01500568463203938788
98.09999999999870112788, 0.01502074144736577528
98.19999999999869544354, 0.01503577298207778475
98.29999999999868975920, 0.01505077922350330465
98.39999999999868407485, 0.01506576015849975941
98.49999999999867839051, 0.01508071577343983796
98.59999999999867270617, 0.01509564605421775604
98.69999999999866702183, 0.01511055098625453327
98.79999999999866133749, 0.01512543055449463297
98.89999999999865565314, 0.01514028474340195843
98.99999999999864996880, 0.01515511353697234810
99.09999999999864428446, 0.01516991691872027551
99.19999999999863860012, 0.01518469487168862785
99.29999999999863291578, 0.01519944737845030716
99.39999999999862723143, 0.01521417442110358301
99.49999999999862154709, 0.01522887598127321308
99.59999999999861586275, 0.01524355204011140427
99.69999999999861017841, 0.01525820257831000254
99.79999999999860449407, 0.01527282757607996075
99.89999999999859880973, 0.01528742701316834415
99.99999999999859312538, 0.01530200086886040860
100.00000000000000000000, 0.01530200086886040860
